category,tld
Popular (15),Clear
Popular (15),Toggle
Popular (15),ai
Popular (15),app
Popular (15),bot
Popular (15),co
Popular (15),com
Popular (15),io
Popular (15),is
Popular (15),me
Popular (15),net
Popular (15),org
Popular (15),pro
Popular (15),shop
Popular (15),so
Popular (15),to
Popular (15),xyz
International  (118),Clear
International  (118),Toggle
International  (118),ac
International  (118),ad
International  (118),ai
International  (118),asia
International  (118),barcelona
International  (118),berlin
International  (118),bz
International  (118),ca
International  (118),cat
International  (118),cc
International  (118),ch
International  (118),cm
International  (118),co
International  (118),cv
International  (118),cx
International  (118),cymru
International  (118),de
International  (118),es
International  (118),eu
International  (118),fm
International  (118),fr
International  (118),gg
International  (118),hamburg
International  (118),id
International  (118),im
International  (118),in
International  (118),io
International  (118),kiwi
International  (118),krd
International  (118),la
International  (118),lat
International  (118),li
International  (118),london
International  (118),me
International  (118),melbourne
International  (118),miami
International  (118),mx
International  (118),my
International  (118),nagoya
International  (118),nl
International  (118),nu
International  (118),nyc
International  (118),okinawa
International  (118),osaka
International  (118),paris
International  (118),pe
International  (118),ph
International  (118),pw
International  (118),ryukyu
International  (118),sg
International  (118),sh
International  (118),so
International  (118),sydney
International  (118),to
International  (118),tokyo
International  (118),tv
International  (118),uk
International  (118),vc
International  (118),vegas
International  (118),wales
International  (118),ws
International  (118),yokohama
International  (118),us.com
International  (118),uk.com
International  (118),uk.net
International  (118),cn.com
International  (118),br.com
International  (118),jpn.com
International  (118),gb.net
International  (118),ru.com
International  (118),com.se
International  (118),co.uk
International  (118),us
International  (118),com.au
International  (118),com.de
International  (118),ae.org
International  (118),africa
International  (118),co.bz
International  (118),co.com
International  (118),za.com
International  (118),us.org
International  (118),se.net
International  (118),com.mx
International  (118),sa.com
International  (118),com.vc
International  (118),org.vc
International  (118),de.com
International  (118),eu.com
International  (118),org.mx
International  (118),net.vc
International  (118),gr.com
International  (118),mex.com
International  (118),hu.net
International  (118),in.net
International  (118),jp.net
International  (118),org.uk
International  (118),me.uk
International  (118),org.au
International  (118),net.au
International  (118),com.es
International  (118),com.pe
International  (118),com.sg
International  (118),net.pe
International  (118),org.es
International  (118),org.pe
International  (118),is
International  (118),nom.es
International  (118),boston
International  (118),com.ph
International  (118),net.ph
International  (118),org.ph
International  (118),co.in
International  (118),com.co
International  (118),co.im
International  (118),org.im
International  (118),net.im
International  (118),com.im
International  (118),it.com
Academic & Education (30),Clear
Academic & Education (30),Toggle
Academic & Education (30),academy
Academic & Education (30),ai
Academic & Education (30),college
Academic & Education (30),courses
Academic & Education (30),degree
Academic & Education (30),education
Academic & Education (30),guide
Academic & Education (30),help
Academic & Education (30),how
Academic & Education (30),info
Academic & Education (30),institute
Academic & Education (30),mba
Academic & Education (30),page
Academic & Education (30),report
Academic & Education (30),review
Academic & Education (30),reviews
Academic & Education (30),school
Academic & Education (30),schule
Academic & Education (30),science
Academic & Education (30),shiksha
Academic & Education (30),study
Academic & Education (30),support
Academic & Education (30),talk
Academic & Education (30),tips
Academic & Education (30),training
Academic & Education (30),university
Academic & Education (30),wiki
Academic & Education (30),work
Academic & Education (30),space
Academic & Education (30),observer
Finance (35),Clear
Finance (35),Toggle
Finance (35),accountant
Finance (35),accountants
Finance (35),auction
Finance (35),bargains
Finance (35),bid
Finance (35),bond
Finance (35),capital
Finance (35),cash
Finance (35),cheap
Finance (35),claims
Finance (35),credit
Finance (35),creditcard
Finance (35),dealer
Finance (35),discount
Finance (35),estate
Finance (35),exchange
Finance (35),finance
Finance (35),financial
Finance (35),forex
Finance (35),fund
Finance (35),gold
Finance (35),holdings
Finance (35),insure
Finance (35),investments
Finance (35),loan
Finance (35),loans
Finance (35),markets
Finance (35),money
Finance (35),mortgage
Finance (35),property
Finance (35),tax
Finance (35),trading
Finance (35),vc
Finance (35),ventures
Finance (35),inc
Professional (37),Clear
Professional (37),Toggle
Professional (37),accountants
Professional (37),archi
Professional (37),attorney
Professional (37),beauty
Professional (37),broker
Professional (37),careers
Professional (37),ceo
Professional (37),coach
Professional (37),codes
Professional (37),consulting
Professional (37),contractors
Professional (37),cooking
Professional (37),cv
Professional (37),dealer
Professional (37),dental
Professional (37),dentist
Professional (37),design
Professional (37),dev
Professional (37),engineer
Professional (37),engineering
Professional (37),expert
Professional (37),feedback
Professional (37),florist
Professional (37),guru
Professional (37),hosting
Professional (37),law
Professional (37),lawyer
Professional (37),legal
Professional (37),plumbing
Professional (37),pro
Professional (37),tech
Professional (37),vet
Professional (37),vip
Professional (37),work
Professional (37),doctor
Professional (37),inc
Professional (37),it.com
Businesses (49),Clear
Businesses (49),Toggle
Businesses (49),accountants
Businesses (49),ad
Businesses (49),associates
Businesses (49),bargains
Businesses (49),bid
Businesses (49),biz
Businesses (49),boutique
Businesses (49),broker
Businesses (49),business
Businesses (49),co
Businesses (49),com
Businesses (49),company
Businesses (49),deal
Businesses (49),dealer
Businesses (49),deals
Businesses (49),dev
Businesses (49),enterprises
Businesses (49),feedback
Businesses (49),foundation
Businesses (49),global
Businesses (49),gmbh
Businesses (49),group
Businesses (49),guru
Businesses (49),holdings
Businesses (49),industries
Businesses (49),law
Businesses (49),limited
Businesses (49),locker
Businesses (49),ltd
Businesses (49),ltda
Businesses (49),management
Businesses (49),markets
Businesses (49),network
Businesses (49),partners
Businesses (49),promo
Businesses (49),property
Businesses (49),report
Businesses (49),sarl
Businesses (49),store
Businesses (49),trading
Businesses (49),vc
Businesses (49),ventures
Businesses (49),work
Businesses (49),works
Businesses (49),eco
Businesses (49),llc
Businesses (49),inc
Businesses (49),com.co
Businesses (49),diy
Audio & Video (29),Clear
Audio & Video (29),Toggle
Audio & Video (29),actor
Audio & Video (29),audio
Audio & Video (29),cam
Audio & Video (29),camera
Audio & Video (29),channel
Audio & Video (29),chat
Audio & Video (29),digital
Audio & Video (29),film
Audio & Video (29),fm
Audio & Video (29),group
Audio & Video (29),guitars
Audio & Video (29),hiphop
Audio & Video (29),live
Audio & Video (29),media
Audio & Video (29),movie
Audio & Video (29),online
Audio & Video (29),productions
Audio & Video (29),rocks
Audio & Video (29),stream
Audio & Video (29),studio
Audio & Video (29),talk
Audio & Video (29),tube
Audio & Video (29),tv
Audio & Video (29),vc
Audio & Video (29),video
Audio & Video (29),watch
Audio & Video (29),webcam
Audio & Video (29),移动
Audio & Video (29),music
Arts & Culture (39),Clear
Arts & Culture (39),Toggle
Arts & Culture (39),actor
Arts & Culture (39),art
Arts & Culture (39),audio
Arts & Culture (39),cat
Arts & Culture (39),center
Arts & Culture (39),cfd
Arts & Culture (39),channel
Arts & Culture (39),dance
Arts & Culture (39),day
Arts & Culture (39),desi
Arts & Culture (39),design
Arts & Culture (39),fan
Arts & Culture (39),fashion
Arts & Culture (39),film
Arts & Culture (39),fm
Arts & Culture (39),gallery
Arts & Culture (39),graphics
Arts & Culture (39),hiphop
Arts & Culture (39),ink
Arts & Culture (39),irish
Arts & Culture (39),movie
Arts & Culture (39),photo
Arts & Culture (39),photography
Arts & Culture (39),photos
Arts & Culture (39),pictures
Arts & Culture (39),sbs
Arts & Culture (39),show
Arts & Culture (39),spot
Arts & Culture (39),studio
Arts & Culture (39),style
Arts & Culture (39),tattoo
Arts & Culture (39),theater
Arts & Culture (39),theatre
Arts & Culture (39),tickets
Arts & Culture (39),video
Arts & Culture (39),work
Arts & Culture (39),works
Arts & Culture (39),yoga
Arts & Culture (39),music
Marketing (22),Clear
Marketing (22),Toggle
Marketing (22),ad
Marketing (22),agency
Marketing (22),blog
Marketing (22),click
Marketing (22),coupons
Marketing (22),day
Marketing (22),digital
Marketing (22),direct
Marketing (22),email
Marketing (22),events
Marketing (22),feedback
Marketing (22),gratis
Marketing (22),market
Marketing (22),marketing
Marketing (22),markets
Marketing (22),online
Marketing (22),promo
Marketing (22),social
Marketing (22),spot
Marketing (22),store
Marketing (22),sucks
Marketing (22),free
Products (35),Clear
Products (35),Toggle
Products (35),ad
Products (35),auto
Products (35),autos
Products (35),boats
Products (35),camera
Products (35),car
Products (35),cars
Products (35),clothing
Products (35),coach
Products (35),deal
Products (35),diamonds
Products (35),energy
Products (35),equipment
Products (35),fit
Products (35),furniture
Products (35),glass
Products (35),gold
Products (35),homes
Products (35),horse
Products (35),jewelry
Products (35),lighting
Products (35),makeup
Products (35),motorcycles
Products (35),parts
Products (35),shoes
Products (35),software
Products (35),solar
Products (35),tires
Products (35),toys
Products (35),watch
Products (35),webcam
Products (35),yachts
Products (35),eco
Products (35),diy
Products (35),free
Services (46),Clear
Services (46),Toggle
Services (46),ad
Services (46),bar
Services (46),bot
Services (46),cab
Services (46),care
Services (46),casino
Services (46),catering
Services (46),cleaning
Services (46),consulting
Services (46),contact
Services (46),contractors
Services (46),dealer
Services (46),delivery
Services (46),equipment
Services (46),events
Services (46),exchange
Services (46),express
Services (46),feedback
Services (46),florist
Services (46),garden
Services (46),help
Services (46),host
Services (46),hosting
Services (46),ink
Services (46),international
Services (46),legal
Services (46),limo
Services (46),locker
Services (46),makeup
Services (46),plumbing
Services (46),realty
Services (46),repair
Services (46),salon
Services (46),services
Services (46),solutions
Services (46),supplies
Services (46),supply
Services (46),support
Services (46),taxi
Services (46),trade
Services (46),vip
Services (46),work
Services (46),eco
Services (46),hair
Services (46),diy
Services (46),free
Short (56),Clear
Short (56),Toggle
Short (56),ad
Short (56),app
Short (56),archi
Short (56),best
Short (56),bet
Short (56),biz
Short (56),bot
Short (56),cam
Short (56),cfd
Short (56),co
Short (56),com
Short (56),cv
Short (56),cyou
Short (56),day
Short (56),dev
Short (56),fit
Short (56),fyi
Short (56),gdn
Short (56),icu
Short (56),im
Short (56),immo
Short (56),info
Short (56),ing
Short (56),krd
Short (56),mba
Short (56),meme
Short (56),mom
Short (56),my
Short (56),net
Short (56),new
Short (56),ngo
Short (56),now
Short (56),one
Short (56),ong
Short (56),onl
Short (56),pro
Short (56),promo
Short (56),rehab
Short (56),sbs
Short (56),so
Short (56),tel
Short (56),to
Short (56),top
Short (56),vip
Short (56),wtf
Short (56),xyz
Short (56),you
Short (56),eco
Short (56),is
Short (56),inc
Short (56),diy
Short (56),co.im
Short (56),org.im
Short (56),net.im
Short (56),com.im
Short (56),hot
New (22),Clear
New (22),Toggle
New (22),ad
New (22),barcelona
New (22),cat
New (22),channel
New (22),cv
New (22),deal
New (22),fast
New (22),im
New (22),locker
New (22),my
New (22),now
New (22),spot
New (22),talk
New (22),you
New (22),music
New (22),co.im
New (22),org.im
New (22),net.im
New (22),com.im
New (22),it.com
New (22),free
New (22),hot
Adult (9),Clear
Adult (9),Toggle
Adult (9),adult
Adult (9),cam
Adult (9),porn
Adult (9),sex
Adult (9),sexy
Adult (9),webcam
Adult (9),wtf
Adult (9),xxx
Adult (9),hot
Technology (51),Clear
Technology (51),Toggle
Technology (51),ai
Technology (51),app
Technology (51),bot
Technology (51),channel
Technology (51),cloud
Technology (51),codes
Technology (51),computer
Technology (51),cv
Technology (51),dev
Technology (51),digital
Technology (51),directory
Technology (51),domains
Technology (51),download
Technology (51),email
Technology (51),feedback
Technology (51),garden
Technology (51),gg
Technology (51),guru
Technology (51),host
Technology (51),hosting
Technology (51),io
Technology (51),link
Technology (51),locker
Technology (51),mobi
Technology (51),net
Technology (51),network
Technology (51),new
Technology (51),onl
Technology (51),online
Technology (51),protection
Technology (51),security
Technology (51),services
Technology (51),site
Technology (51),software
Technology (51),solar
Technology (51),solutions
Technology (51),spot
Technology (51),storage
Technology (51),stream
Technology (51),surf
Technology (51),systems
Technology (51),tech
Technology (51),technology
Technology (51),tel
Technology (51),tools
Technology (51),vana
Technology (51),website
Technology (51),wiki
Technology (51),移动
Technology (51),diy
Technology (51),it.com
Real Estate (28),Clear
Real Estate (28),Toggle
Real Estate (28),apartments
Real Estate (28),bargains
Real Estate (28),casa
Real Estate (28),condos
Real Estate (28),construction
Real Estate (28),country
Real Estate (28),credit
Real Estate (28),dealer
Real Estate (28),estate
Real Estate (28),farm
Real Estate (28),forsale
Real Estate (28),haus
Real Estate (28),holdings
Real Estate (28),homes
Real Estate (28),house
Real Estate (28),immo
Real Estate (28),immobilien
Real Estate (28),land
Real Estate (28),lease
Real Estate (28),maison
Real Estate (28),mortgage
Real Estate (28),place
Real Estate (28),properties
Real Estate (28),property
Real Estate (28),realty
Real Estate (28),rent
Real Estate (28),rentals
Real Estate (28),villas
Politics (9),Clear
Politics (9),Toggle
Politics (9),army
Politics (9),democrat
Politics (9),gripe
Politics (9),law
Politics (9),navy
Politics (9),republican
Politics (9),vote
Politics (9),voting
Politics (9),voto
$2 or less (43),Clear
$2 or less (43),Toggle
$2 or less (43),art
$2 or less (43),autos
$2 or less (43),beauty
$2 or less (43),boats
$2 or less (43),bond
$2 or less (43),cam
$2 or less (43),cfd
$2 or less (43),click
$2 or less (43),cloud
$2 or less (43),cyou
$2 or less (43),digital
$2 or less (43),guru
$2 or less (43),homes
$2 or less (43),icu
$2 or less (43),ink
$2 or less (43),life
$2 or less (43),live
$2 or less (43),lol
$2 or less (43),makeup
$2 or less (43),mom
$2 or less (43),motorcycles
$2 or less (43),online
$2 or less (43),pics
$2 or less (43),quest
$2 or less (43),rest
$2 or less (43),sbs
$2 or less (43),shop
$2 or less (43),site
$2 or less (43),skin
$2 or less (43),store
$2 or less (43),tattoo
$2 or less (43),today
$2 or less (43),top
$2 or less (43),website
$2 or less (43),wiki
$2 or less (43),world
$2 or less (43),xyz
$2 or less (43),yachts
$2 or less (43),space
$2 or less (43),fun
$2 or less (43),monster
$2 or less (43),gay
$2 or less (43),hair
Organizations (34),Clear
Organizations (34),Toggle
Organizations (34),associates
Organizations (34),camp
Organizations (34),casino
Organizations (34),church
Organizations (34),college
Organizations (34),community
Organizations (34),company
Organizations (34),courses
Organizations (34),dealer
Organizations (34),farm
Organizations (34),foundation
Organizations (34),fund
Organizations (34),global
Organizations (34),group
Organizations (34),hosting
Organizations (34),institute
Organizations (34),international
Organizations (34),net
Organizations (34),ngo
Organizations (34),ong
Organizations (34),org
Organizations (34),page
Organizations (34),property
Organizations (34),school
Organizations (34),schule
Organizations (34),social
Organizations (34),support
Organizations (34),team
Organizations (34),technology
Organizations (34),university
Organizations (34),ventures
Organizations (34),music
Organizations (34),eco
Organizations (34),inc
Shopping & Sales (37),Clear
Shopping & Sales (37),Toggle
Shopping & Sales (37),auction
Shopping & Sales (37),bargains
Shopping & Sales (37),bid
Shopping & Sales (37),blackfriday
Shopping & Sales (37),boutique
Shopping & Sales (37),cash
Shopping & Sales (37),cheap
Shopping & Sales (37),clothing
Shopping & Sales (37),codes
Shopping & Sales (37),coupons
Shopping & Sales (37),creditcard
Shopping & Sales (37),day
Shopping & Sales (37),deals
Shopping & Sales (37),design
Shopping & Sales (37),discount
Shopping & Sales (37),exchange
Shopping & Sales (37),fashion
Shopping & Sales (37),forsale
Shopping & Sales (37),gift
Shopping & Sales (37),gifts
Shopping & Sales (37),gives
Shopping & Sales (37),giving
Shopping & Sales (37),gratis
Shopping & Sales (37),green
Shopping & Sales (37),kaufen
Shopping & Sales (37),makeup
Shopping & Sales (37),market
Shopping & Sales (37),moda
Shopping & Sales (37),onl
Shopping & Sales (37),review
Shopping & Sales (37),reviews
Shopping & Sales (37),sale
Shopping & Sales (37),shop
Shopping & Sales (37),shopping
Shopping & Sales (37),store
Shopping & Sales (37),tienda
Shopping & Sales (37),free
Media & Music (33),Clear
Media & Music (33),Toggle
Media & Music (33),audio
Media & Music (33),band
Media & Music (33),cam
Media & Music (33),channel
Media & Music (33),design
Media & Music (33),digital
Media & Music (33),fan
Media & Music (33),film
Media & Music (33),fm
Media & Music (33),graphics
Media & Music (33),group
Media & Music (33),guitars
Media & Music (33),hiphop
Media & Music (33),live
Media & Music (33),media
Media & Music (33),movie
Media & Music (33),news
Media & Music (33),now
Media & Music (33),photo
Media & Music (33),photography
Media & Music (33),photos
Media & Music (33),pics
Media & Music (33),pictures
Media & Music (33),press
Media & Music (33),productions
Media & Music (33),rocks
Media & Music (33),show
Media & Music (33),studio
Media & Music (33),tickets
Media & Music (33),today
Media & Music (33),video
Media & Music (33),music
Media & Music (33),observer
Fun (28),Clear
Fun (28),Toggle
Fun (28),audio
Fun (28),bingo
Fun (28),buzz
Fun (28),cards
Fun (28),cool
Fun (28),dance
Fun (28),day
Fun (28),fail
Fun (28),game
Fun (28),games
Fun (28),gg
Fun (28),hiphop
Fun (28),juegos
Fun (28),lol
Fun (28),meme
Fun (28),ninja
Fun (28),party
Fun (28),plus
Fun (28),poker
Fun (28),quest
Fun (28),rocks
Fun (28),social
Fun (28),tickets
Fun (28),vip
Fun (28),wtf
Fun (28),fun
Fun (28),monster
Fun (28),diy
Sports & Hobbies (55),Clear
Sports & Hobbies (55),Toggle
Sports & Hobbies (55),auto
Sports & Hobbies (55),autos
Sports & Hobbies (55),bet
Sports & Hobbies (55),bike
Sports & Hobbies (55),bingo
Sports & Hobbies (55),boats
Sports & Hobbies (55),car
Sports & Hobbies (55),cards
Sports & Hobbies (55),cars
Sports & Hobbies (55),casino
Sports & Hobbies (55),club
Sports & Hobbies (55),coach
Sports & Hobbies (55),computer
Sports & Hobbies (55),cooking
Sports & Hobbies (55),cricket
Sports & Hobbies (55),dance
Sports & Hobbies (55),design
Sports & Hobbies (55),diet
Sports & Hobbies (55),fans
Sports & Hobbies (55),fashion
Sports & Hobbies (55),fast
Sports & Hobbies (55),fishing
Sports & Hobbies (55),fit
Sports & Hobbies (55),fitness
Sports & Hobbies (55),flowers
Sports & Hobbies (55),football
Sports & Hobbies (55),forum
Sports & Hobbies (55),futbol
Sports & Hobbies (55),game
Sports & Hobbies (55),games
Sports & Hobbies (55),gg
Sports & Hobbies (55),golf
Sports & Hobbies (55),guitars
Sports & Hobbies (55),hiphop
Sports & Hobbies (55),hockey
Sports & Hobbies (55),horse
Sports & Hobbies (55),juegos
Sports & Hobbies (55),locker
Sports & Hobbies (55),makeup
Sports & Hobbies (55),motorcycles
Sports & Hobbies (55),poker
Sports & Hobbies (55),quest
Sports & Hobbies (55),racing
Sports & Hobbies (55),rodeo
Sports & Hobbies (55),run
Sports & Hobbies (55),ski
Sports & Hobbies (55),soccer
Sports & Hobbies (55),surf
Sports & Hobbies (55),team
Sports & Hobbies (55),tennis
Sports & Hobbies (55),training
Sports & Hobbies (55),yachts
Sports & Hobbies (55),yoga
Sports & Hobbies (55),music
Sports & Hobbies (55),diy
Transport (12),Clear
Transport (12),Toggle
Transport (12),auto
Transport (12),autos
Transport (12),boats
Transport (12),car
Transport (12),cars
Transport (12),limo
Transport (12),motorcycles
Transport (12),racing
Transport (12),rent
Transport (12),rentals
Transport (12),taxi
Transport (12),yachts
Personal (27),Clear
Personal (27),Toggle
Personal (27),baby
Personal (27),beauty
Personal (27),blog
Personal (27),cyou
Personal (27),day
Personal (27),expert
Personal (27),fit
Personal (27),forum
Personal (27),guru
Personal (27),icu
Personal (27),id
Personal (27),im
Personal (27),kim
Personal (27),me
Personal (27),moe
Personal (27),mom
Personal (27),my
Personal (27),name
Personal (27),property
Personal (27),soy
Personal (27),you
Personal (27),space
Personal (27),kids
Personal (27),co.im
Personal (27),org.im
Personal (27),net.im
Personal (27),com.im
Social & Lifestyle (72),Clear
Social & Lifestyle (72),Toggle
Social & Lifestyle (72),baby
Social & Lifestyle (72),bet
Social & Lifestyle (72),bio
Social & Lifestyle (72),boo
Social & Lifestyle (72),careers
Social & Lifestyle (72),chat
Social & Lifestyle (72),christmas
Social & Lifestyle (72),community
Social & Lifestyle (72),contact
Social & Lifestyle (72),cyou
Social & Lifestyle (72),date
Social & Lifestyle (72),dating
Social & Lifestyle (72),day
Social & Lifestyle (72),dog
Social & Lifestyle (72),earth
Social & Lifestyle (72),events
Social & Lifestyle (72),exposed
Social & Lifestyle (72),faith
Social & Lifestyle (72),family
Social & Lifestyle (72),fashion
Social & Lifestyle (72),feedback
Social & Lifestyle (72),fit
Social & Lifestyle (72),forum
Social & Lifestyle (72),garden
Social & Lifestyle (72),guru
Social & Lifestyle (72),hiphop
Social & Lifestyle (72),holiday
Social & Lifestyle (72),ing
Social & Lifestyle (72),juegos
Social & Lifestyle (72),lgbt
Social & Lifestyle (72),life
Social & Lifestyle (72),lifestyle
Social & Lifestyle (72),living
Social & Lifestyle (72),love
Social & Lifestyle (72),meme
Social & Lifestyle (72),memorial
Social & Lifestyle (72),men
Social & Lifestyle (72),moda
Social & Lifestyle (72),moe
Social & Lifestyle (72),name
Social & Lifestyle (72),network
Social & Lifestyle (72),now
Social & Lifestyle (72),partners
Social & Lifestyle (72),party
Social & Lifestyle (72),pet
Social & Lifestyle (72),place
Social & Lifestyle (72),rehab
Social & Lifestyle (72),rest
Social & Lifestyle (72),rip
Social & Lifestyle (72),rsvp
Social & Lifestyle (72),sbs
Social & Lifestyle (72),singles
Social & Lifestyle (72),social
Social & Lifestyle (72),spot
Social & Lifestyle (72),style
Social & Lifestyle (72),sucks
Social & Lifestyle (72),talk
Social & Lifestyle (72),tattoo
Social & Lifestyle (72),to
Social & Lifestyle (72),vip
Social & Lifestyle (72),vote
Social & Lifestyle (72),voting
Social & Lifestyle (72),voto
Social & Lifestyle (72),wedding
Social & Lifestyle (72),win
Social & Lifestyle (72),yoga
Social & Lifestyle (72),you
Social & Lifestyle (72),music
Social & Lifestyle (72),eco
Social & Lifestyle (72),is
Social & Lifestyle (72),charity
Social & Lifestyle (72),kids
Food & Drink (22),Clear
Food & Drink (22),Toggle
Food & Drink (22),bar
Food & Drink (22),beer
Food & Drink (22),cafe
Food & Drink (22),catering
Food & Drink (22),coffee
Food & Drink (22),cooking
Food & Drink (22),diet
Food & Drink (22),farm
Food & Drink (22),fish
Food & Drink (22),kitchen
Food & Drink (22),menu
Food & Drink (22),pizza
Food & Drink (22),pub
Food & Drink (22),recipes
Food & Drink (22),rest
Food & Drink (22),restaurant
Food & Drink (22),tips
Food & Drink (22),vin
Food & Drink (22),vodka
Food & Drink (22),wine
Food & Drink (22),eco
Food & Drink (22),food
Cities (22),Clear
Cities (22),Toggle
Cities (22),barcelona
Cities (22),berlin
Cities (22),capital
Cities (22),city
Cities (22),de
Cities (22),hamburg
Cities (22),krd
Cities (22),kyoto
Cities (22),la
Cities (22),london
Cities (22),melbourne
Cities (22),miami
Cities (22),nagoya
Cities (22),nyc
Cities (22),paris
Cities (22),sg
Cities (22),sydney
Cities (22),tokyo
Cities (22),town
Cities (22),vegas
Cities (22),yokohama
Cities (22),boston
Beauty (8),Clear
Beauty (8),Toggle
Beauty (8),beauty
Beauty (8),cfd
Beauty (8),flowers
Beauty (8),makeup
Beauty (8),salon
Beauty (8),skin
Beauty (8),tattoo
Beauty (8),hair
Travel (26),Clear
Travel (26),Toggle
Travel (26),bike
Travel (26),camp
Travel (26),christmas
Travel (26),city
Travel (26),country
Travel (26),cruises
Travel (26),day
Travel (26),flights
Travel (26),flowers
Travel (26),global
Travel (26),guide
Travel (26),holiday
Travel (26),limo
Travel (26),nl
Travel (26),place
Travel (26),reise
Travel (26),reisen
Travel (26),rest
Travel (26),tickets
Travel (26),tours
Travel (26),town
Travel (26),travel
Travel (26),vacations
Travel (26),viajes
Travel (26),voyage
Travel (26),world
Health & Fitness (27),Clear
Health & Fitness (27),Toggle
Health & Fitness (27),bio
Health & Fitness (27),care
Health & Fitness (27),clinic
Health & Fitness (27),coach
Health & Fitness (27),dental
Health & Fitness (27),dentist
Health & Fitness (27),diet
Health & Fitness (27),energy
Health & Fitness (27),fast
Health & Fitness (27),fit
Health & Fitness (27),fitness
Health & Fitness (27),green
Health & Fitness (27),health
Health & Fitness (27),healthcare
Health & Fitness (27),plus
Health & Fitness (27),recipes
Health & Fitness (27),rehab
Health & Fitness (27),run
Health & Fitness (27),surf
Health & Fitness (27),surgery
Health & Fitness (27),vet
Health & Fitness (27),vision
Health & Fitness (27),yoga
Health & Fitness (27),eco
Health & Fitness (27),doctor
Health & Fitness (27),hospital
Health & Fitness (27),food
Environment (9),Clear
Environment (9),Toggle
Environment (9),bio
Environment (9),earth
Environment (9),energy
Environment (9),green
Environment (9),ngo
Environment (9),org
Environment (9),organic
Environment (9),solar
Environment (9),eco
Colors (5),Clear
Colors (5),Toggle
Colors (5),black
Colors (5),blue
Colors (5),green
Colors (5),pink
Colors (5),red
Trades & Construction (14),Clear
Trades & Construction (14),Toggle
Trades & Construction (14),build
Trades & Construction (14),builders
Trades & Construction (14),center
Trades & Construction (14),condos
Trades & Construction (14),construction
Trades & Construction (14),contractors
Trades & Construction (14),homes
Trades & Construction (14),place
Trades & Construction (14),plumbing
Trades & Construction (14),supply
Trades & Construction (14),tools
Trades & Construction (14),trade
Trades & Construction (14),work
Trades & Construction (14),zone
Non-English (23),Clear
Non-English (23),Toggle
Non-English (23),casa
Non-English (23),desi
Non-English (23),futbol
Non-English (23),gmbh
Non-English (23),immo
Non-English (23),immobilien
Non-English (23),jetzt
Non-English (23),juegos
Non-English (23),kaufen
Non-English (23),kim
Non-English (23),moe
Non-English (23),reise
Non-English (23),reisen
Non-English (23),sarl
Non-English (23),schule
Non-English (23),shiksha
Non-English (23),soy
Non-English (23),tienda
Non-English (23),uno
Non-English (23),viajes
Non-English (23),vin
Non-English (23),voto
Non-English (23),移动
Religion (5),Clear
Religion (5),Toggle
Religion (5),christmas
Religion (5),church
Religion (5),day
Religion (5),faith
Religion (5),holiday
Miscellaneous (1197),Clear
Miscellaneous (1197),Toggle
Miscellaneous (1197),0db
Miscellaneous (1197),0z
Miscellaneous (1197),1
Miscellaneous (1197),1d
Miscellaneous (1197),1q
Miscellaneous (1197),247
Miscellaneous (1197),35
Miscellaneous (1197),3dom
Miscellaneous (1197),49
Miscellaneous (1197),4free
Miscellaneous (1197),4k
Miscellaneous (1197),4sale
Miscellaneous (1197),4you
Miscellaneous (1197),80proof
Miscellaneous (1197),8888
Miscellaneous (1197),8s
Miscellaneous (1197),abo
Miscellaneous (1197),aboutme
Miscellaneous (1197),aby
Miscellaneous (1197),ac
Miscellaneous (1197),aca
Miscellaneous (1197),academy
Miscellaneous (1197),accountant
Miscellaneous (1197),accountants
Miscellaneous (1197),actor
Miscellaneous (1197),ad
Miscellaneous (1197),addme
Miscellaneous (1197),adlt
Miscellaneous (1197),adult
Miscellaneous (1197),advisor
Miscellaneous (1197),ae.org
Miscellaneous (1197),afam
Miscellaneous (1197),africa
Miscellaneous (1197),afz
Miscellaneous (1197),agency
Miscellaneous (1197),ags
Miscellaneous (1197),agua
Miscellaneous (1197),ahoy
Miscellaneous (1197),ai
Miscellaneous (1197),airforce
Miscellaneous (1197),aj
Miscellaneous (1197),albums
Miscellaneous (1197),alto
Miscellaneous (1197),amg
Miscellaneous (1197),amigo
Miscellaneous (1197),amor
Miscellaneous (1197),ane
Miscellaneous (1197),annex
Miscellaneous (1197),aotearoa
Miscellaneous (1197),apartment
Miscellaneous (1197),apartments
Miscellaneous (1197),api
Miscellaneous (1197),app
Miscellaneous (1197),arbitrator
Miscellaneous (1197),archi
Miscellaneous (1197),army
Miscellaneous (1197),art
Miscellaneous (1197),artesanal
Miscellaneous (1197),articles
Miscellaneous (1197),artificial
Miscellaneous (1197),asia
Miscellaneous (1197),associates
Miscellaneous (1197),assurances
Miscellaneous (1197),atc
Miscellaneous (1197),ath
Miscellaneous (1197),attorney
Miscellaneous (1197),atwork
Miscellaneous (1197),auction
Miscellaneous (1197),audio
Miscellaneous (1197),augmented
Miscellaneous (1197),auto
Miscellaneous (1197),autos
Miscellaneous (1197),b2b
Miscellaneous (1197),baas
Miscellaneous (1197),baby
Miscellaneous (1197),badly
Miscellaneous (1197),bakes
Miscellaneous (1197),band
Miscellaneous (1197),bar
Miscellaneous (1197),barcelona
Miscellaneous (1197),bargains
Miscellaneous (1197),batch
Miscellaneous (1197),beach
Miscellaneous (1197),beauty
Miscellaneous (1197),beef
Miscellaneous (1197),beer
Miscellaneous (1197),bem
Miscellaneous (1197),berlin
Miscellaneous (1197),best
Miscellaneous (1197),bet
Miscellaneous (1197),bid
Miscellaneous (1197),bike
Miscellaneous (1197),bingo
Miscellaneous (1197),bio
Miscellaneous (1197),biometric
Miscellaneous (1197),bitcoinfund
Miscellaneous (1197),biz
Miscellaneous (1197),bizdata
Miscellaneous (1197),bizdev
Miscellaneous (1197),black
Miscellaneous (1197),blackfriday
Miscellaneous (1197),blockchaindapps
Miscellaneous (1197),blog
Miscellaneous (1197),blogging
Miscellaneous (1197),blue
Miscellaneous (1197),bmp
Miscellaneous (1197),boats
Miscellaneous (1197),bob
Miscellaneous (1197),bog
Miscellaneous (1197),bond
Miscellaneous (1197),boo
Miscellaneous (1197),booked
Miscellaneous (1197),boredapes
Miscellaneous (1197),boston
Miscellaneous (1197),bot
Miscellaneous (1197),boutique
Miscellaneous (1197),bqw
Miscellaneous (1197),br.com
Miscellaneous (1197),brand
Miscellaneous (1197),brewery
Miscellaneous (1197),broker
Miscellaneous (1197),brokers
Miscellaneous (1197),browsers
Miscellaneous (1197),btk9
Miscellaneous (1197),btt
Miscellaneous (1197),buddhist
Miscellaneous (1197),build
Miscellaneous (1197),builders
Miscellaneous (1197),business
Miscellaneous (1197),buyaflat
Miscellaneous (1197),buzz
Miscellaneous (1197),byn
Miscellaneous (1197),bz
Miscellaneous (1197),c
Miscellaneous (1197),c0m
Miscellaneous (1197),c4
Miscellaneous (1197),ca
Miscellaneous (1197),cab
Miscellaneous (1197),cabins
Miscellaneous (1197),cafe
Miscellaneous (1197),cam
Miscellaneous (1197),camera
Miscellaneous (1197),camp
Miscellaneous (1197),capital
Miscellaneous (1197),car
Miscellaneous (1197),cardcollector
Miscellaneous (1197),cards
Miscellaneous (1197),care
Miscellaneous (1197),careers
Miscellaneous (1197),cares
Miscellaneous (1197),cars
Miscellaneous (1197),casa
Miscellaneous (1197),cash
Miscellaneous (1197),casino
Miscellaneous (1197),cat
Miscellaneous (1197),catering
Miscellaneous (1197),catgirl
Miscellaneous (1197),causes
Miscellaneous (1197),cc
Miscellaneous (1197),center
Miscellaneous (1197),ceo
Miscellaneous (1197),cerrajero
Miscellaneous (1197),cfd
Miscellaneous (1197),ch
Miscellaneous (1197),channel
Miscellaneous (1197),charity
Miscellaneous (1197),chat
Miscellaneous (1197),cheap
Miscellaneous (1197),cheddar
Miscellaneous (1197),christmas
Miscellaneous (1197),church
Miscellaneous (1197),cism
Miscellaneous (1197),cita
Miscellaneous (1197),citizenship
Miscellaneous (1197),city
Miscellaneous (1197),ckq
Miscellaneous (1197),claims
Miscellaneous (1197),clc
Miscellaneous (1197),cleaning
Miscellaneous (1197),clic
Miscellaneous (1197),click
Miscellaneous (1197),client
Miscellaneous (1197),clients
Miscellaneous (1197),clinic
Miscellaneous (1197),cliq
Miscellaneous (1197),clothing
Miscellaneous (1197),cloud
Miscellaneous (1197),cloudbot
Miscellaneous (1197),club
Miscellaneous (1197),cm
Miscellaneous (1197),cm3
Miscellaneous (1197),cn.com
Miscellaneous (1197),cn3
Miscellaneous (1197),co
Miscellaneous (1197),co.bz
Miscellaneous (1197),co.com
Miscellaneous (1197),co.im
Miscellaneous (1197),co.in
Miscellaneous (1197),co.uk
Miscellaneous (1197),co3
Miscellaneous (1197),coach
Miscellaneous (1197),codes
Miscellaneous (1197),codeschool
Miscellaneous (1197),coffee
Miscellaneous (1197),coffees
Miscellaneous (1197),coinnet
Miscellaneous (1197),college
Miscellaneous (1197),com
Miscellaneous (1197),com.au
Miscellaneous (1197),com.co
Miscellaneous (1197),com.de
Miscellaneous (1197),com.es
Miscellaneous (1197),com.im
Miscellaneous (1197),com.mx
Miscellaneous (1197),com.pe
Miscellaneous (1197),com.ph
Miscellaneous (1197),com.se
Miscellaneous (1197),com.sg
Miscellaneous (1197),com.vc
Miscellaneous (1197),comic
Miscellaneous (1197),comics
Miscellaneous (1197),commerce
Miscellaneous (1197),communion
Miscellaneous (1197),community
Miscellaneous (1197),company
Miscellaneous (1197),complete
Miscellaneous (1197),computer
Miscellaneous (1197),computers
Miscellaneous (1197),concise
Miscellaneous (1197),condos
Miscellaneous (1197),conduct
Miscellaneous (1197),conductor
Miscellaneous (1197),conf
Miscellaneous (1197),connectors
Miscellaneous (1197),connoisseur
Miscellaneous (1197),construction
Miscellaneous (1197),consultancy
Miscellaneous (1197),consulting
Miscellaneous (1197),contact
Miscellaneous (1197),contractors
Miscellaneous (1197),cooking
Miscellaneous (1197),cool
Miscellaneous (1197),cork
Miscellaneous (1197),corporation
Miscellaneous (1197),country
Miscellaneous (1197),coupons
Miscellaneous (1197),courses
Miscellaneous (1197),crazy
Miscellaneous (1197),creations
Miscellaneous (1197),creativity
Miscellaneous (1197),creator
Miscellaneous (1197),credit
Miscellaneous (1197),creditcard
Miscellaneous (1197),crew
Miscellaneous (1197),cricket
Miscellaneous (1197),croatia
Miscellaneous (1197),cruises
Miscellaneous (1197),cryp
Miscellaneous (1197),cryptobets
Miscellaneous (1197),cryptogamer
Miscellaneous (1197),cryptoservice
Miscellaneous (1197),cuba
Miscellaneous (1197),cv
Miscellaneous (1197),cx
Miscellaneous (1197),cycle
Miscellaneous (1197),cymru
Miscellaneous (1197),cyou
Miscellaneous (1197),cyprus
Miscellaneous (1197),d5
Miscellaneous (1197),d8
Miscellaneous (1197),dad
Miscellaneous (1197),dais
Miscellaneous (1197),damn
Miscellaneous (1197),dan
Miscellaneous (1197),dance
Miscellaneous (1197),datamining
Miscellaneous (1197),date
Miscellaneous (1197),dating
Miscellaneous (1197),day
Miscellaneous (1197),daytrade
Miscellaneous (1197),dco
Miscellaneous (1197),de
Miscellaneous (1197),de.com
Miscellaneous (1197),de3
Miscellaneous (1197),deal
Miscellaneous (1197),dealer
Miscellaneous (1197),deals
Miscellaneous (1197),dean
Miscellaneous (1197),debtless
Miscellaneous (1197),decent
Miscellaneous (1197),decentralize
Miscellaneous (1197),defi
Miscellaneous (1197),deficit
Miscellaneous (1197),degen
Miscellaneous (1197),degree
Miscellaneous (1197),delivery
Miscellaneous (1197),democrat
Miscellaneous (1197),den
Miscellaneous (1197),dental
Miscellaneous (1197),dentist
Miscellaneous (1197),desi
Miscellaneous (1197),design
Miscellaneous (1197),detour
Miscellaneous (1197),dev
Miscellaneous (1197),development
Miscellaneous (1197),dg
Miscellaneous (1197),dh
Miscellaneous (1197),diamonds
Miscellaneous (1197),dids
Miscellaneous (1197),diet
Miscellaneous (1197),digital
Miscellaneous (1197),digitalasset
Miscellaneous (1197),dilate
Miscellaneous (1197),direct
Miscellaneous (1197),directive
Miscellaneous (1197),directory
Miscellaneous (1197),discount
Miscellaneous (1197),discounts
Miscellaneous (1197),discussion
Miscellaneous (1197),diva
Miscellaneous (1197),diy
Miscellaneous (1197),dlt
Miscellaneous (1197),dly
Miscellaneous (1197),doctor
Miscellaneous (1197),dog
Miscellaneous (1197),doge
Miscellaneous (1197),dogecoin
Miscellaneous (1197),dojo
Miscellaneous (1197),dolls
Miscellaneous (1197),doma
Miscellaneous (1197),domains
Miscellaneous (1197),dookie
Miscellaneous (1197),douchebag
Miscellaneous (1197),down
Miscellaneous (1197),download
Miscellaneous (1197),downloads
Miscellaneous (1197),ds
Miscellaneous (1197),ducktape
Miscellaneous (1197),duration
Miscellaneous (1197),dvd
Miscellaneous (1197),dweb
Miscellaneous (1197),dweb3
Miscellaneous (1197),dy
Miscellaneous (1197),earth
Miscellaneous (1197),eathere
Miscellaneous (1197),eco
Miscellaneous (1197),economics
Miscellaneous (1197),economy
Miscellaneous (1197),edm
Miscellaneous (1197),education
Miscellaneous (1197),egame
Miscellaneous (1197),elect
Miscellaneous (1197),electronics
Miscellaneous (1197),elite
Miscellaneous (1197),email
Miscellaneous (1197),emj
Miscellaneous (1197),energy
Miscellaneous (1197),engaged
Miscellaneous (1197),engineer
Miscellaneous (1197),engineering
Miscellaneous (1197),enterprises
Miscellaneous (1197),ep
Miscellaneous (1197),eporn
Miscellaneous (1197),equipment
Miscellaneous (1197),ero
Miscellaneous (1197),es
Miscellaneous (1197),esq
Miscellaneous (1197),estate
Miscellaneous (1197),estates
Miscellaneous (1197),eternity
Miscellaneous (1197),etickets
Miscellaneous (1197),eu
Miscellaneous (1197),eu.com
Miscellaneous (1197),event
Miscellaneous (1197),events
Miscellaneous (1197),ewallet
Miscellaneous (1197),ewx
Miscellaneous (1197),exchange
Miscellaneous (1197),executive
Miscellaneous (1197),expert
Miscellaneous (1197),exposed
Miscellaneous (1197),express
Miscellaneous (1197),ext
Miscellaneous (1197),exu
Miscellaneous (1197),eyecare
Miscellaneous (1197),ez
Miscellaneous (1197),fail
Miscellaneous (1197),faith
Miscellaneous (1197),fak
Miscellaneous (1197),fam
Miscellaneous (1197),family
Miscellaneous (1197),fan
Miscellaneous (1197),fans
Miscellaneous (1197),faqs
Miscellaneous (1197),farm
Miscellaneous (1197),fashion
Miscellaneous (1197),fast
Miscellaneous (1197),fcb
Miscellaneous (1197),fd
Miscellaneous (1197),fe
Miscellaneous (1197),feedback
Miscellaneous (1197),feeling
Miscellaneous (1197),fej
Miscellaneous (1197),fellowship
Miscellaneous (1197),ffa
Miscellaneous (1197),fgz
Miscellaneous (1197),fia
Miscellaneous (1197),fiat2btc
Miscellaneous (1197),fiji
Miscellaneous (1197),film
Miscellaneous (1197),filters
Miscellaneous (1197),finance
Miscellaneous (1197),financial
Miscellaneous (1197),financialnews
Miscellaneous (1197),findme
Miscellaneous (1197),firstname
Miscellaneous (1197),fish
Miscellaneous (1197),fishing
Miscellaneous (1197),fit
Miscellaneous (1197),fitness
Miscellaneous (1197),fl3x
Miscellaneous (1197),flap
Miscellaneous (1197),flat
Miscellaneous (1197),flights
Miscellaneous (1197),florist
Miscellaneous (1197),flowers
Miscellaneous (1197),fm
Miscellaneous (1197),fmw
Miscellaneous (1197),follow
Miscellaneous (1197),foo
Miscellaneous (1197),food
Miscellaneous (1197),foot
Miscellaneous (1197),football
Miscellaneous (1197),forall
Miscellaneous (1197),fore
Miscellaneous (1197),forex
Miscellaneous (1197),forsale
Miscellaneous (1197),forum
Miscellaneous (1197),foundation
Miscellaneous (1197),fr
Miscellaneous (1197),free
Miscellaneous (1197),freebies
Miscellaneous (1197),fua
Miscellaneous (1197),fun
Miscellaneous (1197),fund
Miscellaneous (1197),fundraising
Miscellaneous (1197),furniture
Miscellaneous (1197),futbol
Miscellaneous (1197),fw
Miscellaneous (1197),fwd
Miscellaneous (1197),fyi
Miscellaneous (1197),gad
Miscellaneous (1197),gadget
Miscellaneous (1197),gallery
Miscellaneous (1197),game
Miscellaneous (1197),games
Miscellaneous (1197),garden
Miscellaneous (1197),gay
Miscellaneous (1197),gb.net
Miscellaneous (1197),gdl
Miscellaneous (1197),gdn
Miscellaneous (1197),ger
Miscellaneous (1197),gethigh
Miscellaneous (1197),getreal
Miscellaneous (1197),getwell
Miscellaneous (1197),gg
Miscellaneous (1197),gic
Miscellaneous (1197),gift
Miscellaneous (1197),gifts
Miscellaneous (1197),gin
Miscellaneous (1197),giveaways
Miscellaneous (1197),gives
Miscellaneous (1197),giving
Miscellaneous (1197),glass
Miscellaneous (1197),global
Miscellaneous (1197),gmbh
Miscellaneous (1197),gofor
Miscellaneous (1197),gold
Miscellaneous (1197),golf
Miscellaneous (1197),gon
Miscellaneous (1197),gonow
Miscellaneous (1197),goth
Miscellaneous (1197),gr.com
Miscellaneous (1197),grandmaster
Miscellaneous (1197),graphics
Miscellaneous (1197),gratis
Miscellaneous (1197),greatoffers
Miscellaneous (1197),green
Miscellaneous (1197),gripe
Miscellaneous (1197),group
Miscellaneous (1197),grow
Miscellaneous (1197),gruppen
Miscellaneous (1197),guey
Miscellaneous (1197),guidance
Miscellaneous (1197),guide
Miscellaneous (1197),guitars
Miscellaneous (1197),guru
Miscellaneous (1197),guz
Miscellaneous (1197),gvz
Miscellaneous (1197),gyc
Miscellaneous (1197),gzp
Miscellaneous (1197),hack
Miscellaneous (1197),hackathon
Miscellaneous (1197),hae
Miscellaneous (1197),hah
Miscellaneous (1197),hair
Miscellaneous (1197),haiti
Miscellaneous (1197),hamburg
Miscellaneous (1197),hardrive
Miscellaneous (1197),haus
Miscellaneous (1197),hb
Miscellaneous (1197),health
Miscellaneous (1197),healthcare
Miscellaneous (1197),heh
Miscellaneous (1197),hell
Miscellaneous (1197),help
Miscellaneous (1197),helpdesk
Miscellaneous (1197),hem
Miscellaneous (1197),hermanos
Miscellaneous (1197),hf
Miscellaneous (1197),hgo
Miscellaneous (1197),hill
Miscellaneous (1197),hiphop
Miscellaneous (1197),hire
Miscellaneous (1197),hits
Miscellaneous (1197),hockey
Miscellaneous (1197),hodlr
Miscellaneous (1197),holding
Miscellaneous (1197),holdings
Miscellaneous (1197),holiday
Miscellaneous (1197),holidayrental
Miscellaneous (1197),holidays
Miscellaneous (1197),homes
Miscellaneous (1197),hometown
Miscellaneous (1197),horny
Miscellaneous (1197),horse
Miscellaneous (1197),hospital
Miscellaneous (1197),host
Miscellaneous (1197),hosting
Miscellaneous (1197),hot
Miscellaneous (1197),hotelguide
Miscellaneous (1197),house
Miscellaneous (1197),how
Miscellaneous (1197),hpp
Miscellaneous (1197),hsu
Miscellaneous (1197),hu.net
Miscellaneous (1197),hx
Miscellaneous (1197),i1
Miscellaneous (1197),ib
Miscellaneous (1197),ibn
Miscellaneous (1197),icu
Miscellaneous (1197),id
Miscellaneous (1197),ieh
Miscellaneous (1197),ifv
Miscellaneous (1197),ih
Miscellaneous (1197),ik
Miscellaneous (1197),ill
Miscellaneous (1197),iloveu
Miscellaneous (1197),im
Miscellaneous (1197),immo
Miscellaneous (1197),immobilien
Miscellaneous (1197),in
Miscellaneous (1197),in.net
Miscellaneous (1197),inc
Miscellaneous (1197),income
Miscellaneous (1197),industries
Miscellaneous (1197),influencer
Miscellaneous (1197),info
Miscellaneous (1197),information
Miscellaneous (1197),ing
Miscellaneous (1197),inh
Miscellaneous (1197),ink
Miscellaneous (1197),innovator
Miscellaneous (1197),institute
Miscellaneous (1197),insure
Miscellaneous (1197),interest
Miscellaneous (1197),international
Miscellaneous (1197),intro
Miscellaneous (1197),investments
Miscellaneous (1197),iny
Miscellaneous (1197),io
Miscellaneous (1197),ioi
Miscellaneous (1197),ioo
Miscellaneous (1197),irish
Miscellaneous (1197),is
Miscellaneous (1197),island
Miscellaneous (1197),ism
Miscellaneous (1197),isthefuture
Miscellaneous (1197),it.com
Miscellaneous (1197),italy
Miscellaneous (1197),iuh
Miscellaneous (1197),iurl
Miscellaneous (1197),iw
Miscellaneous (1197),ize
Miscellaneous (1197),ja
Miscellaneous (1197),january
Miscellaneous (1197),jao
Miscellaneous (1197),jeh
Miscellaneous (1197),jetzt
Miscellaneous (1197),jewelry
Miscellaneous (1197),jf
Miscellaneous (1197),job
Miscellaneous (1197),jok
Miscellaneous (1197),joker
Miscellaneous (1197),jov
Miscellaneous (1197),jp.net
Miscellaneous (1197),jpg
Miscellaneous (1197),jpgs
Miscellaneous (1197),jpn.com
Miscellaneous (1197),js
Miscellaneous (1197),jub
Miscellaneous (1197),juegos
Miscellaneous (1197),jugar
Miscellaneous (1197),jun
Miscellaneous (1197),jy
Miscellaneous (1197),kaufen
Miscellaneous (1197),kcx
Miscellaneous (1197),kennel
Miscellaneous (1197),keys
Miscellaneous (1197),kf
Miscellaneous (1197),kicks
Miscellaneous (1197),kids
Miscellaneous (1197),kim
Miscellaneous (1197),kinetic
Miscellaneous (1197),kip
Miscellaneous (1197),kitchen
Miscellaneous (1197),kiwi
Miscellaneous (1197),kj
Miscellaneous (1197),kl
Miscellaneous (1197),knight
Miscellaneous (1197),knowledge
Miscellaneous (1197),kq
Miscellaneous (1197),krd
Miscellaneous (1197),ks
Miscellaneous (1197),kv
Miscellaneous (1197),kyoto
Miscellaneous (1197),l33t
Miscellaneous (1197),la
Miscellaneous (1197),land
Miscellaneous (1197),lars
Miscellaneous (1197),lat
Miscellaneous (1197),lausanne
Miscellaneous (1197),law
Miscellaneous (1197),lawexpert
Miscellaneous (1197),lawoffice
Miscellaneous (1197),lawsuit
Miscellaneous (1197),lawyer
Miscellaneous (1197),lean
Miscellaneous (1197),lease
Miscellaneous (1197),legal
Miscellaneous (1197),legendary
Miscellaneous (1197),lgbt
Miscellaneous (1197),li
Miscellaneous (1197),life
Miscellaneous (1197),lifestyle
Miscellaneous (1197),lighting
Miscellaneous (1197),likeapro
Miscellaneous (1197),limited
Miscellaneous (1197),limo
Miscellaneous (1197),lingo
Miscellaneous (1197),link
Miscellaneous (1197),live
Miscellaneous (1197),livestreaming
Miscellaneous (1197),living
Miscellaneous (1197),ljb
Miscellaneous (1197),llc
Miscellaneous (1197),lli
Miscellaneous (1197),lnx
Miscellaneous (1197),lo
Miscellaneous (1197),loan
Miscellaneous (1197),loans
Miscellaneous (1197),locker
Miscellaneous (1197),logo
Miscellaneous (1197),lol
Miscellaneous (1197),london
Miscellaneous (1197),lord
Miscellaneous (1197),lov
Miscellaneous (1197),love
Miscellaneous (1197),lovesyou
Miscellaneous (1197),ltd
Miscellaneous (1197),ltda
Miscellaneous (1197),lw
Miscellaneous (1197),lyf
Miscellaneous (1197),lz
Miscellaneous (1197),maestro
Miscellaneous (1197),magazine
Miscellaneous (1197),maison
Miscellaneous (1197),makeup
Miscellaneous (1197),management
Miscellaneous (1197),mansion
Miscellaneous (1197),market
Miscellaneous (1197),marketing
Miscellaneous (1197),markets
Miscellaneous (1197),mba
Miscellaneous (1197),me
Miscellaneous (1197),me.uk
Miscellaneous (1197),media
Miscellaneous (1197),mediator
Miscellaneous (1197),medico
Miscellaneous (1197),mee
Miscellaneous (1197),melbourne
Miscellaneous (1197),meme
Miscellaneous (1197),memorial
Miscellaneous (1197),men
Miscellaneous (1197),ment
Miscellaneous (1197),menu
Miscellaneous (1197),merc
Miscellaneous (1197),mev
Miscellaneous (1197),mex.com
Miscellaneous (1197),miami
Miscellaneous (1197),micro
Miscellaneous (1197),mined
Miscellaneous (1197),mission
Miscellaneous (1197),mke
Miscellaneous (1197),moar
Miscellaneous (1197),mobi
Miscellaneous (1197),moda
Miscellaneous (1197),moe
Miscellaneous (1197),mom
Miscellaneous (1197),mommy
Miscellaneous (1197),money
Miscellaneous (1197),monster
Miscellaneous (1197),montage
Miscellaneous (1197),mooning
Miscellaneous (1197),mortgage
Miscellaneous (1197),motherboard
Miscellaneous (1197),motorcycles
Miscellaneous (1197),mov
Miscellaneous (1197),movie
Miscellaneous (1197),mtl
Miscellaneous (1197),music
Miscellaneous (1197),mvo
Miscellaneous (1197),mwallet
Miscellaneous (1197),mx
Miscellaneous (1197),my
Miscellaneous (1197),mycard
Miscellaneous (1197),myco
Miscellaneous (1197),myo
Miscellaneous (1197),myproxy
Miscellaneous (1197),myurl
Miscellaneous (1197),nagoya
Miscellaneous (1197),nah
Miscellaneous (1197),name
Miscellaneous (1197),napavalley
Miscellaneous (1197),navy
Miscellaneous (1197),nearme
Miscellaneous (1197),neo
Miscellaneous (1197),nerdy
Miscellaneous (1197),net
Miscellaneous (1197),net.au
Miscellaneous (1197),net.im
Miscellaneous (1197),net.pe
Miscellaneous (1197),net.ph
Miscellaneous (1197),net.vc
Miscellaneous (1197),network
Miscellaneous (1197),new
Miscellaneous (1197),news
Miscellaneous (1197),nexus
Miscellaneous (1197),nftcartel
Miscellaneous (1197),nfts
Miscellaneous (1197),ngo
Miscellaneous (1197),nil
Miscellaneous (1197),ninja
Miscellaneous (1197),nl
Miscellaneous (1197),nod
Miscellaneous (1197),nom
Miscellaneous (1197),nom.es
Miscellaneous (1197),notes
Miscellaneous (1197),nouns
Miscellaneous (1197),now
Miscellaneous (1197),npm
Miscellaneous (1197),nuk
Miscellaneous (1197),numb
Miscellaneous (1197),nxs
Miscellaneous (1197),nyc
Miscellaneous (1197),nym
Miscellaneous (1197),ob
Miscellaneous (1197),observer
Miscellaneous (1197),od
Miscellaneous (1197),oda
Miscellaneous (1197),oflinewallet
Miscellaneous (1197),often
Miscellaneous (1197),oh
Miscellaneous (1197),ohmy
Miscellaneous (1197),oin
Miscellaneous (1197),okinawa
Miscellaneous (1197),oncam
Miscellaneous (1197),one
Miscellaneous (1197),onewallet
Miscellaneous (1197),ong
Miscellaneous (1197),onl
Miscellaneous (1197),online
Miscellaneous (1197),onlinenews
Miscellaneous (1197),oo
Miscellaneous (1197),oof
Miscellaneous (1197),oot
Miscellaneous (1197),optimize
Miscellaneous (1197),oq
Miscellaneous (1197),orb
Miscellaneous (1197),org
Miscellaneous (1197),org.au
Miscellaneous (1197),org.es
Miscellaneous (1197),org.im
Miscellaneous (1197),org.mx
Miscellaneous (1197),org.pe
Miscellaneous (1197),org.ph
Miscellaneous (1197),org.uk
Miscellaneous (1197),org.vc
Miscellaneous (1197),osaka
Miscellaneous (1197),oslo
Miscellaneous (1197),ot
Miscellaneous (1197),oun
Miscellaneous (1197),owbo
Miscellaneous (1197),p
Miscellaneous (1197),page
Miscellaneous (1197),paid
Miscellaneous (1197),pal
Miscellaneous (1197),paris
Miscellaneous (1197),partners
Miscellaneous (1197),parts
Miscellaneous (1197),party
Miscellaneous (1197),pave
Miscellaneous (1197),pdcst
Miscellaneous (1197),pe
Miscellaneous (1197),performer
Miscellaneous (1197),pest
Miscellaneous (1197),pet
Miscellaneous (1197),pgp
Miscellaneous (1197),ph
Miscellaneous (1197),phd
Miscellaneous (1197),photo
Miscellaneous (1197),photography
Miscellaneous (1197),photos
Miscellaneous (1197),pics
Miscellaneous (1197),picture
Miscellaneous (1197),pictures
Miscellaneous (1197),pier
Miscellaneous (1197),pink
Miscellaneous (1197),pix
Miscellaneous (1197),piz
Miscellaneous (1197),pizza
Miscellaneous (1197),place
Miscellaneous (1197),places
Miscellaneous (1197),plaza
Miscellaneous (1197),plumbing
Miscellaneous (1197),plus
Miscellaneous (1197),ply
Miscellaneous (1197),pockets
Miscellaneous (1197),poj
Miscellaneous (1197),poker
Miscellaneous (1197),policeman
Miscellaneous (1197),porn
Miscellaneous (1197),ppp
Miscellaneous (1197),praha
Miscellaneous (1197),premio
Miscellaneous (1197),premium
Miscellaneous (1197),presenter
Miscellaneous (1197),press
Miscellaneous (1197),prices
Miscellaneous (1197),pro
Miscellaneous (1197),prodazha
Miscellaneous (1197),productions
Miscellaneous (1197),prof
Miscellaneous (1197),profiles
Miscellaneous (1197),project
Miscellaneous (1197),promo
Miscellaneous (1197),properties
Miscellaneous (1197),property
Miscellaneous (1197),protection
Miscellaneous (1197),pub
Miscellaneous (1197),pui
Miscellaneous (1197),pun
Miscellaneous (1197),pv
Miscellaneous (1197),pw
Miscellaneous (1197),pz
Miscellaneous (1197),qd
Miscellaneous (1197),qf
Miscellaneous (1197),qg
Miscellaneous (1197),qh
Miscellaneous (1197),qk
Miscellaneous (1197),qn
Miscellaneous (1197),qo
Miscellaneous (1197),queens
Miscellaneous (1197),quest
Miscellaneous (1197),qum
Miscellaneous (1197),qy
Miscellaneous (1197),racing
Miscellaneous (1197),realty
Miscellaneous (1197),recipes
Miscellaneous (1197),red
Miscellaneous (1197),rehab
Miscellaneous (1197),reise
Miscellaneous (1197),reisen
Miscellaneous (1197),rekt
Miscellaneous (1197),remember
Miscellaneous (1197),rent
Miscellaneous (1197),rentals
Miscellaneous (1197),repair
Miscellaneous (1197),report
Miscellaneous (1197),republican
Miscellaneous (1197),researcher
Miscellaneous (1197),resources
Miscellaneous (1197),rest
Miscellaneous (1197),restaurant
Miscellaneous (1197),review
Miscellaneous (1197),reviews
Miscellaneous (1197),rh
Miscellaneous (1197),rican
Miscellaneous (1197),rip
Miscellaneous (1197),rl
Miscellaneous (1197),rn
Miscellaneous (1197),rocks
Miscellaneous (1197),rodeo
Miscellaneous (1197),rogan
Miscellaneous (1197),row
Miscellaneous (1197),rpgs
Miscellaneous (1197),rsvp
Miscellaneous (1197),ru.com
Miscellaneous (1197),rumor
Miscellaneous (1197),run
Miscellaneous (1197),runs
Miscellaneous (1197),rural
Miscellaneous (1197),russo
Miscellaneous (1197),rust
Miscellaneous (1197),ryukyu
Miscellaneous (1197),rz
Miscellaneous (1197),sa.com
Miscellaneous (1197),saas
Miscellaneous (1197),sale
Miscellaneous (1197),sales
Miscellaneous (1197),salon
Miscellaneous (1197),samples
Miscellaneous (1197),sarl
Miscellaneous (1197),sats
Miscellaneous (1197),say
Miscellaneous (1197),sbs
Miscellaneous (1197),school
Miscellaneous (1197),schooling
Miscellaneous (1197),schule
Miscellaneous (1197),science
Miscellaneous (1197),sds
Miscellaneous (1197),se.net
Miscellaneous (1197),secrets
Miscellaneous (1197),security
Miscellaneous (1197),semi
Miscellaneous (1197),services
Miscellaneous (1197),sex
Miscellaneous (1197),sexblog
Miscellaneous (1197),sexy
Miscellaneous (1197),sg
Miscellaneous (1197),sh
Miscellaneous (1197),sharing
Miscellaneous (1197),shark
Miscellaneous (1197),shiksha
Miscellaneous (1197),shizzle
Miscellaneous (1197),shoes
Miscellaneous (1197),shop
Miscellaneous (1197),shopping
Miscellaneous (1197),shoppingcart
Miscellaneous (1197),shortcut
Miscellaneous (1197),shot
Miscellaneous (1197),show
Miscellaneous (1197),shp
Miscellaneous (1197),sig
Miscellaneous (1197),simp
Miscellaneous (1197),simplicity
Miscellaneous (1197),singles
Miscellaneous (1197),site
Miscellaneous (1197),ski
Miscellaneous (1197),skin
Miscellaneous (1197),sniff
Miscellaneous (1197),so
Miscellaneous (1197),soccer
Miscellaneous (1197),social
Miscellaneous (1197),software
Miscellaneous (1197),solar
Miscellaneous (1197),solution
Miscellaneous (1197),solutions
Miscellaneous (1197),sos
Miscellaneous (1197),southafrican
Miscellaneous (1197),sox
Miscellaneous (1197),soy
Miscellaneous (1197),spac
Miscellaneous (1197),space
Miscellaneous (1197),specs
Miscellaneous (1197),spot
Miscellaneous (1197),squirtfiesta
Miscellaneous (1197),src
Miscellaneous (1197),ssl
Miscellaneous (1197),startup
Miscellaneous (1197),storage
Miscellaneous (1197),store
Miscellaneous (1197),stream
Miscellaneous (1197),streamer
Miscellaneous (1197),studio
Miscellaneous (1197),study
Miscellaneous (1197),style
Miscellaneous (1197),substack
Miscellaneous (1197),sucks
Miscellaneous (1197),supplies
Miscellaneous (1197),supply
Miscellaneous (1197),support
Miscellaneous (1197),supreme
Miscellaneous (1197),surf
Miscellaneous (1197),surgery
Miscellaneous (1197),sus
Miscellaneous (1197),swapz
Miscellaneous (1197),sydney
Miscellaneous (1197),systems
Miscellaneous (1197),talk
Miscellaneous (1197),tao
Miscellaneous (1197),tar
Miscellaneous (1197),tattoo
Miscellaneous (1197),tax
Miscellaneous (1197),taxfree
Miscellaneous (1197),taxi
Miscellaneous (1197),team
Miscellaneous (1197),tech
Miscellaneous (1197),techblog
Miscellaneous (1197),technology
Miscellaneous (1197),teck
Miscellaneous (1197),teenager
Miscellaneous (1197),teepee
Miscellaneous (1197),tefi
Miscellaneous (1197),tel
Miscellaneous (1197),tennis
Miscellaneous (1197),ter
Miscellaneous (1197),theater
Miscellaneous (1197),theatre
Miscellaneous (1197),thenerd
Miscellaneous (1197),tickets
Miscellaneous (1197),tienda
Miscellaneous (1197),tips
Miscellaneous (1197),tires
Miscellaneous (1197),tni
Miscellaneous (1197),to
Miscellaneous (1197),today
Miscellaneous (1197),token
Miscellaneous (1197),tokyo
Miscellaneous (1197),tools
Miscellaneous (1197),top
Miscellaneous (1197),tours
Miscellaneous (1197),town
Miscellaneous (1197),toys
Miscellaneous (1197),trade
Miscellaneous (1197),trader
Miscellaneous (1197),trading
Miscellaneous (1197),training
Miscellaneous (1197),trans
Miscellaneous (1197),travel
Miscellaneous (1197),trekking
Miscellaneous (1197),tricks
Miscellaneous (1197),troll
Miscellaneous (1197),tube
Miscellaneous (1197),tuber
Miscellaneous (1197),turtles
Miscellaneous (1197),tutorial
Miscellaneous (1197),tv
Miscellaneous (1197),tx
Miscellaneous (1197),u2
Miscellaneous (1197),ud
Miscellaneous (1197),ue
Miscellaneous (1197),uf
Miscellaneous (1197),uge
Miscellaneous (1197),uk
Miscellaneous (1197),uk.com
Miscellaneous (1197),uk.net
Miscellaneous (1197),uk3
Miscellaneous (1197),ultimate
Miscellaneous (1197),umo
Miscellaneous (1197),underground
Miscellaneous (1197),underworld
Miscellaneous (1197),unit
Miscellaneous (1197),universe
Miscellaneous (1197),university
Miscellaneous (1197),unlock
Miscellaneous (1197),uno
Miscellaneous (1197),us
Miscellaneous (1197),us.com
Miscellaneous (1197),us.org
Miscellaneous (1197),us3
Miscellaneous (1197),use
Miscellaneous (1197),uui
Miscellaneous (1197),uzr
Miscellaneous (1197),vacations
Miscellaneous (1197),valley
Miscellaneous (1197),vana
Miscellaneous (1197),vase
Miscellaneous (1197),vc
Miscellaneous (1197),vegas
Miscellaneous (1197),ventures
Miscellaneous (1197),vet
Miscellaneous (1197),viajes
Miscellaneous (1197),video
Miscellaneous (1197),vie
Miscellaneous (1197),viewer
Miscellaneous (1197),villas
Miscellaneous (1197),vin
Miscellaneous (1197),vip
Miscellaneous (1197),vision
Miscellaneous (1197),visit
Miscellaneous (1197),vj
Miscellaneous (1197),vlog
Miscellaneous (1197),vodka
Miscellaneous (1197),voice
Miscellaneous (1197),vote
Miscellaneous (1197),voting
Miscellaneous (1197),voto
Miscellaneous (1197),voyage
Miscellaneous (1197),vq
Miscellaneous (1197),vuo
Miscellaneous (1197),w33d
Miscellaneous (1197),w3b
Miscellaneous (1197),w3n
Miscellaneous (1197),w8
Miscellaneous (1197),wales
Miscellaneous (1197),wasabi
Miscellaneous (1197),watch
Miscellaneous (1197),wave
Miscellaneous (1197),wc
Miscellaneous (1197),we3
Miscellaneous (1197),web4
Miscellaneous (1197),webartist
Miscellaneous (1197),webcam
Miscellaneous (1197),webdesigner
Miscellaneous (1197),website
Miscellaneous (1197),websites
Miscellaneous (1197),wedding
Miscellaneous (1197),wh
Miscellaneous (1197),whitepaper
Miscellaneous (1197),wiki
Miscellaneous (1197),win
Miscellaneous (1197),wine
Miscellaneous (1197),wj
Miscellaneous (1197),wl
Miscellaneous (1197),won
Miscellaneous (1197),work
Miscellaneous (1197),works
Miscellaneous (1197),world
Miscellaneous (1197),worldtour
Miscellaneous (1197),wq
Miscellaneous (1197),wr
Miscellaneous (1197),ws
Miscellaneous (1197),wt
Miscellaneous (1197),wtf
Miscellaneous (1197),x00m
Miscellaneous (1197),x2
Miscellaneous (1197),xa
Miscellaneous (1197),xb
Miscellaneous (1197),xc
Miscellaneous (1197),xcam
Miscellaneous (1197),xf
Miscellaneous (1197),xg
Miscellaneous (1197),xi
Miscellaneous (1197),xk
Miscellaneous (1197),🐱
Miscellaneous (1197),æ
Miscellaneous (1197),移动
Miscellaneous (1197),❗
Miscellaneous (1197),🐸
Miscellaneous (1197),🇺🇦
Miscellaneous (1197),♥
Miscellaneous (1197),❣
Miscellaneous (1197),✟
Miscellaneous (1197),xq
Miscellaneous (1197),xr
Miscellaneous (1197),xxx
Miscellaneous (1197),xxxx
Miscellaneous (1197),xyz
Miscellaneous (1197),yachts
Miscellaneous (1197),yb
Miscellaneous (1197),yd
Miscellaneous (1197),year
Miscellaneous (1197),yh
Miscellaneous (1197),yj
Miscellaneous (1197),yo
Miscellaneous (1197),yoga
Miscellaneous (1197),yokohama
Miscellaneous (1197),yol
Miscellaneous (1197),yolo
Miscellaneous (1197),you
Miscellaneous (1197),yq
Miscellaneous (1197),yummy
Miscellaneous (1197),yx
Miscellaneous (1197),yzx
Miscellaneous (1197),za.com
Miscellaneous (1197),zc
Miscellaneous (1197),zen
Miscellaneous (1197),zh
Miscellaneous (1197),zip
Miscellaneous (1197),zone
Miscellaneous (1197),zoy
Miscellaneous (1197),zp
Miscellaneous (1197),zs
Miscellaneous (1197),zug
Miscellaneous (1197),zx
Miscellaneous (1197),zy
Handshake (606),Toggle
Handshake (606),p
Handshake (606),1
Handshake (606),creator
Handshake (606),saas
Handshake (606),api
Handshake (606),startup
Handshake (606),webdesigner
Handshake (606),js
Handshake (606),c
Handshake (606),brand
Handshake (606),token
Handshake (606),wave
Handshake (606),oo
Handshake (606),ill
Handshake (606),elite
Handshake (606),oot
Handshake (606),orb
Handshake (606),sox
Handshake (606),pgp
Handshake (606),oh
Handshake (606),🐱
Handshake (606),æ
Handshake (606),❗
Handshake (606),🐸
Handshake (606),🇺🇦
Handshake (606),♥
Handshake (606),go🚀
Handshake (606),❣
Handshake (606),✟
Handshake (606),35
Handshake (606),49
Handshake (606),0z
Handshake (606),1d
Handshake (606),1q
Handshake (606),4free
Handshake (606),4k
Handshake (606),4you
Handshake (606),8s
Handshake (606),abo
Handshake (606),aboutme
Handshake (606),aca
Handshake (606),addme
Handshake (606),advisor
Handshake (606),afam
Handshake (606),afz
Handshake (606),agua
Handshake (606),ahoy
Handshake (606),aj
Handshake (606),alto
Handshake (606),amg
Handshake (606),amor
Handshake (606),annex
Handshake (606),arbitrator
Handshake (606),artesanal
Handshake (606),artificial
Handshake (606),assurances
Handshake (606),atc
Handshake (606),atwork
Handshake (606),b2b
Handshake (606),baas
Handshake (606),badly
Handshake (606),batch
Handshake (606),bem
Handshake (606),biometric
Handshake (606),bitcoinfund
Handshake (606),bizdata
Handshake (606),blogging
Handshake (606),bmp
Handshake (606),bob
Handshake (606),booked
Handshake (606),bqw
Handshake (606),brewery
Handshake (606),btt
Handshake (606),buddhist
Handshake (606),byn
Handshake (606),c4
Handshake (606),cares
Handshake (606),catgirl
Handshake (606),causes
Handshake (606),cheddar
Handshake (606),cism
Handshake (606),cita
Handshake (606),ckq
Handshake (606),clc
Handshake (606),clic
Handshake (606),client
Handshake (606),clients
Handshake (606),cliq
Handshake (606),cloudbot
Handshake (606),cm3
Handshake (606),cn3
Handshake (606),co3
Handshake (606),codeschool
Handshake (606),coinnet
Handshake (606),communion
Handshake (606),complete
Handshake (606),computers
Handshake (606),concise
Handshake (606),conduct
Handshake (606),conductor
Handshake (606),conf
Handshake (606),connectors
Handshake (606),connoisseur
Handshake (606),cork
Handshake (606),corporation
Handshake (606),creativity
Handshake (606),crew
Handshake (606),croatia
Handshake (606),cryp
Handshake (606),cryptobets
Handshake (606),cryptogamer
Handshake (606),cryptoservice
Handshake (606),cycle
Handshake (606),cyprus
Handshake (606),d8
Handshake (606),dais
Handshake (606),damn
Handshake (606),datamining
Handshake (606),daytrade
Handshake (606),dean
Handshake (606),decent
Handshake (606),deficit
Handshake (606),detour
Handshake (606),development
Handshake (606),dg
Handshake (606),dh
Handshake (606),dids
Handshake (606),digitalasset
Handshake (606),dilate
Handshake (606),directive
Handshake (606),discounts
Handshake (606),discussion
Handshake (606),dly
Handshake (606),dogecoin
Handshake (606),dojo
Handshake (606),dolls
Handshake (606),doma
Handshake (606),douchebag
Handshake (606),down
Handshake (606),downloads
Handshake (606),ducktape
Handshake (606),duration
Handshake (606),dvd
Handshake (606),dweb3
Handshake (606),dy
Handshake (606),eathere
Handshake (606),elect
Handshake (606),electronics
Handshake (606),emj
Handshake (606),engaged
Handshake (606),ep
Handshake (606),eternity
Handshake (606),etickets
Handshake (606),event
Handshake (606),ewx
Handshake (606),exu
Handshake (606),eyecare
Handshake (606),fak
Handshake (606),faqs
Handshake (606),fcb
Handshake (606),fd
Handshake (606),feeling
Handshake (606),fej
Handshake (606),fellowship
Handshake (606),ffa
Handshake (606),fgz
Handshake (606),fia
Handshake (606),fiat2btc
Handshake (606),fiji
Handshake (606),filters
Handshake (606),financialnews
Handshake (606),findme
Handshake (606),firstname
Handshake (606),fl3x
Handshake (606),flat
Handshake (606),fmw
Handshake (606),follow
Handshake (606),forall
Handshake (606),fore
Handshake (606),fua
Handshake (606),fundraising
Handshake (606),fw
Handshake (606),fwd
Handshake (606),gad
Handshake (606),gadget
Handshake (606),gdl
Handshake (606),gethigh
Handshake (606),getreal
Handshake (606),getwell
Handshake (606),gic
Handshake (606),gofor
Handshake (606),gonow
Handshake (606),goth
Handshake (606),grandmaster
Handshake (606),grow
Handshake (606),gruppen
Handshake (606),guidance
Handshake (606),guz
Handshake (606),gvz
Handshake (606),gyc
Handshake (606),gzp
Handshake (606),hackathon
Handshake (606),hae
Handshake (606),haiti
Handshake (606),hardrive
Handshake (606),hb
Handshake (606),heh
Handshake (606),helpdesk
Handshake (606),hem
Handshake (606),hf
Handshake (606),holidayrental
Handshake (606),horny
Handshake (606),hpp
Handshake (606),hsu
Handshake (606),hx
Handshake (606),i1
Handshake (606),ib
Handshake (606),ieh
Handshake (606),ifv
Handshake (606),ih
Handshake (606),ik
Handshake (606),iloveu
Handshake (606),income
Handshake (606),information
Handshake (606),inh
Handshake (606),intro
Handshake (606),ioi
Handshake (606),ioo
Handshake (606),iuh
Handshake (606),iw
Handshake (606),ja
Handshake (606),jao
Handshake (606),jeh
Handshake (606),jok
Handshake (606),jov
Handshake (606),jub
Handshake (606),jugar
Handshake (606),jun
Handshake (606),jy
Handshake (606),kcx
Handshake (606),kennel
Handshake (606),kf
Handshake (606),kicks
Handshake (606),kinetic
Handshake (606),kl
Handshake (606),knight
Handshake (606),kq
Handshake (606),ks
Handshake (606),kv
Handshake (606),l33t
Handshake (606),lars
Handshake (606),lausanne
Handshake (606),lawexpert
Handshake (606),lawoffice
Handshake (606),likeapro
Handshake (606),lingo
Handshake (606),ljb
Handshake (606),lli
Handshake (606),lo
Handshake (606),lord
Handshake (606),lov
Handshake (606),lw
Handshake (606),lyf
Handshake (606),lz
Handshake (606),maestro
Handshake (606),mediator
Handshake (606),medico
Handshake (606),mee
Handshake (606),mission
Handshake (606),moar
Handshake (606),montage
Handshake (606),mvo
Handshake (606),myo
Handshake (606),myproxy
Handshake (606),nah
Handshake (606),napavalley
Handshake (606),nerdy
Handshake (606),nfts
Handshake (606),notes
Handshake (606),nouns
Handshake (606),npm
Handshake (606),nuk
Handshake (606),numb
Handshake (606),nxs
Handshake (606),ob
Handshake (606),od
Handshake (606),oda
Handshake (606),ohmy
Handshake (606),oof
Handshake (606),optimize
Handshake (606),oq
Handshake (606),oslo
Handshake (606),ot
Handshake (606),oun
Handshake (606),paid
Handshake (606),performer
Handshake (606),pest
Handshake (606),pier
Handshake (606),piz
Handshake (606),places
Handshake (606),plaza
Handshake (606),ply
Handshake (606),poj
Handshake (606),ppp
Handshake (606),praha
Handshake (606),premio
Handshake (606),prices
Handshake (606),profiles
Handshake (606),pui
Handshake (606),pun
Handshake (606),pv
Handshake (606),pz
Handshake (606),qd
Handshake (606),qf
Handshake (606),qg
Handshake (606),qh
Handshake (606),qk
Handshake (606),qn
Handshake (606),qo
Handshake (606),queens
Handshake (606),qum
Handshake (606),qy
Handshake (606),researcher
Handshake (606),resources
Handshake (606),rh
Handshake (606),rican
Handshake (606),rl
Handshake (606),rn
Handshake (606),rpgs
Handshake (606),rumor
Handshake (606),runs
Handshake (606),rural
Handshake (606),russo
Handshake (606),rz
Handshake (606),sales
Handshake (606),say
Handshake (606),sds
Handshake (606),semi
Handshake (606),sexblog
Handshake (606),sharing
Handshake (606),shoppingcart
Handshake (606),shortcut
Handshake (606),sig
Handshake (606),simplicity
Handshake (606),sniff
Handshake (606),solution
Handshake (606),sos
Handshake (606),southafrican
Handshake (606),spac
Handshake (606),specs
Handshake (606),sus
Handshake (606),taxfree
Handshake (606),techblog
Handshake (606),teenager
Handshake (606),trans
Handshake (606),trekking
Handshake (606),tricks
Handshake (606),turtles
Handshake (606),tutorial
Handshake (606),ue
Handshake (606),uf
Handshake (606),umo
Handshake (606),underground
Handshake (606),underworld
Handshake (606),unit
Handshake (606),universe
Handshake (606),unlock
Handshake (606),uui
Handshake (606),uzr
Handshake (606),viewer
Handshake (606),vj
Handshake (606),vq
Handshake (606),vuo
Handshake (606),w8
Handshake (606),wasabi
Handshake (606),wc
Handshake (606),websites
Handshake (606),wh
Handshake (606),whitepaper
Handshake (606),wj
Handshake (606),wl
Handshake (606),won
Handshake (606),worldtour
Handshake (606),wq
Handshake (606),wr
Handshake (606),wt
Handshake (606),xa
Handshake (606),xb
Handshake (606),xc
Handshake (606),xf
Handshake (606),xi
Handshake (606),xk
Handshake (606),yb
Handshake (606),yd
Handshake (606),yh
Handshake (606),yj
Handshake (606),yq
Handshake (606),yx
Handshake (606),zc
Handshake (606),zh
Handshake (606),zp
Handshake (606),zs
Handshake (606),zx
Handshake (606),zy
Handshake (606),247
Handshake (606),8888
Handshake (606),0db
Handshake (606),3dom
Handshake (606),4sale
Handshake (606),80proof
Handshake (606),btk9
Handshake (606),c0m
Handshake (606),de3
Handshake (606),uk3
Handshake (606),us3
Handshake (606),w33d
Handshake (606),w3b
Handshake (606),web4
Handshake (606),x2
Handshake (606),ags
Handshake (606),albums
Handshake (606),aotearoa
Handshake (606),apartment
Handshake (606),articles
Handshake (606),ath
Handshake (606),augmented
Handshake (606),bakes
Handshake (606),base
Handshake (606),beach
Handshake (606),beef
Handshake (606),blockchaindapps
Handshake (606),boredapes
Handshake (606),brokers
Handshake (606),cabins
Handshake (606),cardcollector
Handshake (606),cerrajero
Handshake (606),citizenship
Handshake (606),coffees
Handshake (606),comic
Handshake (606),comics
Handshake (606),commerce
Handshake (606),consultancy
Handshake (606),crazy
Handshake (606),creations
Handshake (606),cryptocum
Handshake (606),dan
Handshake (606),defi
Handshake (606),degen
Handshake (606),den
Handshake (606),diva
Handshake (606),doge
Handshake (606),dookie
Handshake (606),dweb
Handshake (606),economics
Handshake (606),economy
Handshake (606),edm
Handshake (606),egame
Handshake (606),eporn
Handshake (606),ero
Handshake (606),estates
Handshake (606),ewallet
Handshake (606),exercise
Handshake (606),ext
Handshake (606),ez
Handshake (606),fe
Handshake (606),foot
Handshake (606),funnelclub
Handshake (606),gengar
Handshake (606),ger
Handshake (606),gin
Handshake (606),godefi
Handshake (606),greatoffers
Handshake (606),guey
Handshake (606),hack
Handshake (606),hermanos
Handshake (606),hill
Handshake (606),hire
Handshake (606),hodlr
Handshake (606),holding
Handshake (606),holidays
Handshake (606),hotelguide
Handshake (606),ibn
Handshake (606),influencer
Handshake (606),innovator
Handshake (606),iny
Handshake (606),island
Handshake (606),ism
Handshake (606),isthefuture
Handshake (606),iurl
Handshake (606),ize
Handshake (606),job
Handshake (606),joker
Handshake (606),jpgs
Handshake (606),knowledge
Handshake (606),lean
Handshake (606),livestreaming
Handshake (606),lnx
Handshake (606),logo
Handshake (606),lovesyou
Handshake (606),magazine
Handshake (606),mansion
Handshake (606),ment
Handshake (606),mined
Handshake (606),mke
Handshake (606),mooning
Handshake (606),motherboard
Handshake (606),mtl
Handshake (606),mycard
Handshake (606),myco
Handshake (606),myurl
Handshake (606),nearme
Handshake (606),nftcartel
Handshake (606),nil
Handshake (606),nom
Handshake (606),often
Handshake (606),oin
Handshake (606),oncam
Handshake (606),onlinenews
Handshake (606),owbo
Handshake (606),pal
Handshake (606),picture
Handshake (606),pix
Handshake (606),pixelpenguins
Handshake (606),premium
Handshake (606),project
Handshake (606),pspk
Handshake (606),rekt
Handshake (606),rogan
Handshake (606),row
Handshake (606),secrets
Handshake (606),sexjournal
Handshake (606),shot
Handshake (606),squirtfiesta
Handshake (606),src
Handshake (606),ssl
Handshake (606),streamer
Handshake (606),swapz
Handshake (606),taughtme
Handshake (606),teck
Handshake (606),teepee
Handshake (606),tefi
Handshake (606),ter
Handshake (606),thenerd
Handshake (606),tni
Handshake (606),tokensale
Handshake (606),trader
Handshake (606),troll
Handshake (606),tuber
Handshake (606),tx
Handshake (606),txt
Handshake (606),ud
Handshake (606),uge
Handshake (606),ultimate
Handshake (606),uorg
Handshake (606),use
Handshake (606),valley
Handshake (606),viewnow
Handshake (606),visit
Handshake (606),vlog
Handshake (606),vrmmo
Handshake (606),vvip
Handshake (606),xr
Handshake (606),xxxx
Handshake (606),year
Handshake (606),yo
Handshake (606),yol
Handshake (606),yolo
Handshake (606),yummy
Handshake (606),yzx
Handshake (606),zen
Handshake (606),zug
Handshake (606),zoy
Handshake (606),pdcst
Handshake (606),presenter
Handshake (606),january
Handshake (606),ane
Handshake (606),merc
Handshake (606),ds
Handshake (606),aby
Handshake (606),mev
Handshake (606),lawsuit
Handshake (606),shp
Handshake (606),x00m
Handshake (606),shark
Handshake (606),webartist
Handshake (606),freebies
Handshake (606),samples
Handshake (606),giveaways
Handshake (606),adlt
Handshake (606),hometown
Handshake (606),decentralize
Handshake (606),interest
Handshake (606),hits
Handshake (606),pockets
Handshake (606),browsers
Handshake (606),hell
Handshake (606),neo
Handshake (606),cuba
Handshake (606),keys
Handshake (606),italy
Handshake (606),xcam
Handshake (606),vie
Handshake (606),mommy
Handshake (606),micro
Handshake (606),nym
Handshake (606),jpg
Handshake (606),tar
Handshake (606),amigo
Handshake (606),tao
Handshake (606),policeman
Handshake (606),legendary
Handshake (606),vase
Handshake (606),hah
Handshake (606),nod
Handshake (606),we3
Handshake (606),kip
Handshake (606),gon
Handshake (606),schooling
Handshake (606),remember
Handshake (606),bog
Handshake (606),rust
Handshake (606),fam
Handshake (606),pave
Handshake (606),Generate
Handshake (606),View Item
